
{
    "tabbar_items":[
                    {
                    "page":"FGPHeartViewController",
                    "title":"心动",
                    "normal_icon":"tabbar_home",
                    "normal_icon_select":"tabbar_home_selected"
                    },
                    {
                    "page":"FGPConmunityViewController",
                    "title":"社区",
                    "normal_icon":"tabbar_discover",
                    "normal_icon_select":"tabbar_discover_selected"
                    },
                    {
                    "page":"FGPMessageViewController",
                    "title":"消息",
                    "normal_icon":"tabbar_message_center",
                    "normal_icon_select":"tabbar_message_center_selected"
                    },
                    {
                    "page":"FGPMineViewController",
                    "title":"我的",
                    "normal_icon":"tabbar_profile",
                    "normal_icon_select": "tabbar_profile_selected"
                    },
                    ]
}
